split,source_id,target_id,timestamp,y_true,y_score,y_pred,source_subreddit_norm,target_subreddit_norm,cell
test,55640,60206,2016-12-21 19:16:42,0,0.1070014610886573,0,sr_55640,sr_60206,true_0_pred_0
test,6267,4311,2017-03-31 15:40:40,0,0.1491523683071136,0,sr_6267,sr_4311,true_0_pred_0
test,17041,15785,2016-12-22 10:49:33,0,0.1184939816594123,0,sr_17041,sr_15785,true_0_pred_0
test,57881,26257,2017-03-15 08:41:58,0,0.4881705641746521,0,sr_57881,sr_26257,true_0_pred_0
test,10989,45411,2017-02-11 17:16:35,0,0.1951958984136581,0,sr_10989,sr_45411,true_0_pred_0
test,7925,41633,2017-02-10 18:54:29,0,0.146564319729805,0,sr_7925,sr_41633,true_0_pred_0
test,18459,61141,2017-03-22 09:33:11,0,0.3698361814022064,0,sr_18459,sr_61141,true_0_pred_0
test,7925,18476,2016-12-23 06:06:03,0,0.0815165787935257,0,sr_7925,sr_18476,true_0_pred_0
test,818,48218,2017-01-08 08:47:34,0,0.2902063429355621,0,sr_818,sr_48218,true_0_pred_0
test,54523,3910,2017-04-11 20:04:01,0,0.1305060982704162,0,sr_54523,sr_3910,true_0_pred_0
test,32983,58109,2017-04-02 17:39:22,0,0.7680025100708008,1,sr_32983,sr_58109,true_0_pred_1
test,51902,45104,2017-02-05 14:11:49,0,0.5755262970924377,1,sr_51902,sr_45104,true_0_pred_1
test,11508,36967,2017-01-31 11:27:00,0,0.6735346913337708,1,sr_11508,sr_36967,true_0_pred_1
test,20751,30808,2017-03-15 08:01:46,0,0.8476452231407166,1,sr_20751,sr_30808,true_0_pred_1
test,30817,40545,2017-04-07 07:38:00,0,0.662883460521698,1,sr_30817,sr_40545,true_0_pred_1
test,38789,37602,2017-01-06 16:03:56,0,0.5117290616035461,1,sr_38789,sr_37602,true_0_pred_1
test,1268,40959,2017-02-12 06:34:51,0,0.5289703607559204,1,sr_1268,sr_40959,true_0_pred_1
test,59855,59866,2017-02-20 09:22:27,0,0.7534218430519104,1,sr_59855,sr_59866,true_0_pred_1
test,6267,22832,2017-02-27 04:26:05,0,0.7484099864959717,1,sr_6267,sr_22832,true_0_pred_1
test,144,3361,2017-04-22 18:47:03,0,0.5059750080108643,1,sr_144,sr_3361,true_0_pred_1
test,58967,52058,2017-03-20 20:41:34,1,0.356712132692337,0,sr_58967,sr_52058,true_1_pred_0
test,33160,51102,2017-03-29 02:26:43,1,0.4853444397449493,0,sr_33160,sr_51102,true_1_pred_0
test,65058,65825,2017-01-19 07:58:58,1,0.2884401977062225,0,sr_65058,sr_65825,true_1_pred_0
test,41984,66151,2017-02-11 16:31:07,1,0.4497414529323578,0,sr_41984,sr_66151,true_1_pred_0
test,20751,1270,2017-01-30 11:37:30,1,0.1119256019592285,0,sr_20751,sr_1270,true_1_pred_0
test,36763,8924,2017-01-02 20:08:26,1,0.4362914860248565,0,sr_36763,sr_8924,true_1_pred_0
test,51779,53503,2017-03-10 18:11:19,1,0.3119232654571533,0,sr_51779,sr_53503,true_1_pred_0
test,50215,53988,2017-04-16 00:54:16,1,0.4753211438655853,0,sr_50215,sr_53988,true_1_pred_0
test,51917,66151,2017-04-26 11:26:01,1,0.3607598841190338,0,sr_51917,sr_66151,true_1_pred_0
test,51677,8924,2016-12-19 16:45:23,1,0.3237840235233307,0,sr_51677,sr_8924,true_1_pred_0
test,34818,27319,2017-04-26 14:12:24,1,0.652396023273468,1,sr_34818,sr_27319,true_1_pred_1
test,66294,15397,2017-02-09 13:05:07,1,0.6746443510055542,1,sr_66294,sr_15397,true_1_pred_1
test,35944,22471,2017-03-27 14:10:15,1,0.9742957949638368,1,sr_35944,sr_22471,true_1_pred_1
test,4769,60771,2017-01-28 17:21:07,1,0.5682548880577087,1,sr_4769,sr_60771,true_1_pred_1
test,50111,44797,2017-03-18 18:04:29,1,0.5056441426277161,1,sr_50111,sr_44797,true_1_pred_1
test,51835,22300,2017-03-27 10:55:36,1,0.9438095688819884,1,sr_51835,sr_22300,true_1_pred_1
test,61371,12482,2017-02-03 09:19:11,1,0.8934765458106995,1,sr_61371,sr_12482,true_1_pred_1
test,15052,10389,2017-04-18 09:28:01,1,0.8482823371887207,1,sr_15052,sr_10389,true_1_pred_1
test,1942,54703,2017-01-03 11:07:07,1,0.6896077990531921,1,sr_1942,sr_54703,true_1_pred_1
test,24250,65191,2017-04-20 14:22:00,1,0.9673668742179872,1,sr_24250,sr_65191,true_1_pred_1
